#{"t_start": 1769502822.4007895, "env_id": "None"}
r,l,t--133.573981,200,1.037438--130.247593,200,1.219726-152.2492,200,3.454241
-196-181.044397,200,1.573-113.-109.82434,200,1.7520-143-170.40334,200,1.92843-1-151.402306,200,2.105263-1-129.116223,200,2.29241-124.518796,200,4.532637
-15-148.417954,200,2.65615-11-159.112022,200,2.83036-1-139.807991,200,3.011699-1-146.523084,200,3.1748
-245.947979,200,3.359133--122.540465,200,3.540424-140.689805,200,5.780446
-1-109.599597,200,3.89942-139.14642,200,6.130992
-147-131.686049,200,4.2414-144-165.305679,200,4.4270-127-153.875621,200,4.604-97.3-152.886099,200,4.77-156.8-148.14928,200,4.953-151.-188.932056,200,5.124-236.130562,200,7.344687
-120.33374,200,7.532463
-146.460451,200,7.697978
-134.5-160.61723,200,5.831-149.-100.91444,200,6.0079-210-135.448403,200,6.1747-1-159.666486,200,6.3559-211.600312,200,8.698106
-13-175.479979,200,6.95864-14-125.067536,200,7.27248-131.41203,200,9.65773
-110.-147.894501,200,7.91-144.7-137.331476,200,8.224-164.-157.330057,200,8.5541-109.350011,200,10.932022
-97.864429,200,11.274321
-130.198493,200,11.581323
-176.85491,200,11.914282
-183.8004,200,12.232373
-138.878254,200,12.548428
-216.190119,200,12.875595
-183.810783,200,13.20337
-160.060313,200,13.51658
-102.167841,200,13.845299
-141.830875,200,14.165888
-196.927698,200,14.480294
-145.879205,200,14.813007
-135.251808,200,15.149678
-95.400064,200,15.470064
-111.088893,200,15.793362
-156.05686,200,16.11341
98.082006,31,16.165394
-108.161096,200,16.486938
-116.817056,200,16.79687
64.150439,99,16.961124
-175.746023,200,17.299969
-152.923171,200,17.623321
-36.629677,200,17.939026
45.829658,-141.920914,200-4.287823,12-109.626687,2-114.697964,200,18.662397
-104.800715,200,18.983204
-123.895985,200,19.316518
-57.247238,200,19.6441
-114.184884,200,19.965508
-44.598977,200,20.282127
-153.863861,200,20.616351
-105.233725,200,20.932195
-180.868523,200,21.265865
-175.912432,200,21.582378
-51.09199,193,21.912464
-177.374381,200,22.232089
-148.998083,200,22.56543
-106.98767,200,22.895067
-7.111554,191,23.210387
-185.381386,200,23.532063
84.185249,11,23.547689
62.87646,59,23.651452
-191.06372,200,23.96539
-124.227536,200,24.307383
73.075182,44,24.375736
-72.594409,200,24.705747
-187.703083,200,25.03265
-143.270446,200,25.34934
1.025417,134,25.582646
-139.023987,200,25.912313
-100.774884,200,26.235354
-126.441999,200,26.566089
-151.968243,200,26.894342
-90.609718,200,27.223778
-58.484898,200,27.548109
100.0,1,2-168.37804-167.190486,200,-165.644929-212.518005,200,-182.458835-16.58420-183.99-126.749566.193049,1-116.389742,20-34.186385,20-28.5734,200,-131.710007-106.41868,200,66.944075,9-109.904574,2-137.788056,20-55.149579,200,28.075313
-41.284126,189,28.398313
-24.010844,200,28.721969
-115.020818,200,29.059691
30.00163,135,29.287064
110.6514-45.733136,200,35-104.9020-119.615297,200,3657.204719,174,30.059589
87.320227,106,30.242323
81.060475,67,-157.569202-108.417901,200,-44.305004,-25.171356,172,96.625838,8-64.838581,20-145.356038,2-84.47252,200,31.657282
-85.720762,200,31.992675
-91.648595,200,32.325017
-155.156532,200,32.658487
99.792041,67,32.782168
56.567305,129,32.990619
-107.208592,200,33.33633
65.579303,147,33.581762
-70.417873,200,33.907225
116.271103,25,33.955113
-98.358788,200,34.273896
-50.178719,200,34.624388
-25.843995,200,34.958253
78.979192,144,35.205084
-97.174372,200,35.535465
99.296-114.242571,200,5097.46399493.278862,153,50.650946
-55.739445,200,50.99048
88.692343,58,51.0-79.809-101.254304,200,51.453394
19.218995,138,51-53.3567471.1249,172,52.09104.355.134749,164,52.3850-30.-205.092565,200,52.7526
96.245413,165,53.05812-57-1.35859,200,53.438011-92.821089,28,53.493011
12.494394,200,53.840265
70.876695,185,54.279572-133.51342,160,54.576385
43.415098,200,54.969265
76.650492,139,55.349232
57.283896,54,55.477218
8-105.690363,200,41.130599.-26.346783,200,41.6235111.85.582196,39,41.71957-51.425922,200,56.721403
10-79.963127,200,42.2764100.-50.424557,200,42.715459
-8.23372,200,43.091534
113.449857,30,43.141915
62.970543,68,43.2762-9.948.612742,128,43.507-103.48486,200,58.450774
129.285456,84,58.600631
-3.239628,200,58.972876
70.094729,110,59.174254
111.25209,50,59.270992
165.403563,106,59.452235
154-101.954206,-42.595428,200,-5.431005,200,45.3416133128.695086-58.349899,200,57.455521,200,45.950347
73.917918,375.921367,170-81.559026,294.920701,150,101.232873,52.207446,200,578.390896,194,47.074076
99.216892,81,47.218419
106.950657,168,47.516453
99.429196,132,47.756559
117.160927,193,48.154313
79.76774,76,48.292662
43.61603,116,48.506037
88.284179,93,48.657772
-0.820407,20-7.06272,200,-32.673252,196,49.09111
45.35058,140,49.344682
-119.188948,200,49.696801
89.880619,34,49.757732
65.300267,47,49.849483
91.437642,86,50.007425
97.691451,33,50.066459
92.684436,33,50.147376
73.391579,47,50.233233.922.205128,127,50.468365
121.4679.711751,174,63.0777.65356.120406,96,63.24107.86108.584706,84.7266510.08866.803759,155,63.64-25.460726,200,51.528293
102.841272,29,51.-8.8162878.11396,39,51.6773.126104.284869,81,51.860.2641115.974397,41,51.98.261751.575012,137,52.157.500288.267719,96,52.3580.42647,158,58.868009
108.390103.67160.904056,-1.682009,200,59.281857
8.880866,122,59.504945
99.877926,140,59-4.31491889.12202356.2630125.91077.558151,4.697832,200,53.94111
129.838806,53,5415.506556,200,60.368131
-38.946023,186,60.706604
95.56607-6.997493,185,54101.0237160.739043,169,54.928775
88.687323,146,55.186736
109.364243,94,55.51.730265,200,61.722395
104.172048,63,61.828241
169.794277,151,62.099356
68.633868,131,62.334756
62.774012,102,62.491403
55.074346,57,62.612038
63.12797,91,62.790022
44.659327,124,63.012356
-6.29354,200,63.415392
129.694009,99,63.597181
163.814121,189,63.934246
100.245547,54,64.047671
102.753907,105,64.236476
74.062598,127,64.455721
158.146325,113,64.657619
90.018084,109,64.864611
79.854149,79,65.000076
94.639927,81,65.148453
77.659121,101,65.332268
83.253032,41,65.40745
79.898541,131,65.635963
90.812611,27,65.687604
64.025285,71,65.814991
89.193695,28,65.868602
112.224638,58,65.968211
103.356066,43,66.037686
100.027427,219.007189,200,72.494838
65.450283.556447,130,68.6112.346114.920945,131,68.123.515377.613904,167,69.1-13.159158.764601,155,69.421095
102.699546,199,69.761952
141.49208,108,69.47.46793102.758546,56,70.119.111796.983247,160,7059.58572193.348144,68,70.103.456014.180276,200,70.-35.4036164.026613,151,71.41.9771086.710441,200,71.98.17202105.034435,70,71.53.58739131.062427,83,71119.5400161.890867,200,72-10.54562-1.571902,200,72.371514
-20.17274,200,72.73915
121.227864,114,72.922151
13.757653,200,73.266058
59.408629,176,73.590054
212.490159,132,73.835103
107.623156,145,74.078554
108.426094,197,74.444109
128.414397,134,74.691939
5.757367,200,75.126314
115.275876,84,75.277433
133.365945,128,75.514447
69.821566,200,75.918423
150.090847,183,76.312135
138.960513,70,76.439851
34.920567,200,76.814033
-64.868031,154,77.141452
75.05217,168,77.445267
39.863567,200,77.793987
36.93938,200,78.175453
133.027169,132,78.445678
-50.687993,200,78.803075
120.045313,71,78.953824
107.948025,77,79.091503
117.740397,66,79.211926
148.059112,88,79.3648
117.531297,123,79.60846
141.291135,108,79.791836
34.128146,200,80.147196
76.31364,92,80.30846
110.53069,52,80.410561
106.004758,33,80.471229
109.20206,184,80.787768
10.52907,200,81.142228
224.282269,129,81.374545
-1.401467,200,81.711554
-1.61112,200,82.068603
33.909241,200,82.427345
121.565351,56,82.532912
137.809827,74,82.665022
54.201427,200,83.014803
141.009695,104,83.219465
107.015176,104,83.40877
139.291645,119,83.622077
114.250734,70,83.760468
125.69398,72,83.898334
49.070599,200,84.24937
127.337195,189,84.579453
110.029032,89,84.718851
12.732962,200,85.076024
129.546598,81,85.228109
135.126361,45,85.29474
129.264468,86,85.463055
106.732666,200,85.815074
190.409165,149,86.077717
115.66792,48,86.163369
129.824014,92,86.312753
123.817476,190,86.658783
121.13886,40,86.728213
113.364036,66,86.853223
106.455562,55,86.942613
144.577235,82,87.094212
139.284676,65,87.210849
132.493275,184,87.537715
122.254585,35,87.60197
192.770291,94,87.759858
142.148417,96,87.936861
65.914684,89,88.100426
34.054379,92,88.262287
23.541846,82,88.407352
42.061048,150,88.665532
-32.614056,200,89.031581
133.701447,200,89.390961
122.409124,196,89.751784
120.821116,17,89.787021
219.573343,200,90.147823
112.596591,40,90.222739
105.754045,31,90.277901
115.998824,86,90.430845
193.481534,154,90.7236
107.424139,29,90.774199
111.49156,153,91.056099
112.080496,20,91.093579
134.600629,75,91.233328
133.348947,49,91.329409
105.378929,23,91.371406
135.594551,109,91.56163
145.476918,87,91.722723
111.168106,22,91.749745
119.910442,35,91.827228
153.278644,200,92.182697
133.928603,132,92.428147
100.129392,89,92.585353
116.421364,103,92.768691
110.398172,19,92.795538
208.477059,182,93.126135
116.451308,69,93.257104
99.311483,103,93.433845
106.706122,69,93.561714
1131.228523,106,99.91766112.155367,79,93.793771
119.135.983682,56,100.117185.25452,131,94.047755
85.131517,86,94.207224
100.985113,42,94.281991
108.442432,105,94.467031
121.288896,68,94.590549
96.960373,68,94.71121
103.799406,36,94.779213
121.443085,89,94.932306
115.387349,22,94.980861
126.812524,49,95.06987
125.444794,56,95.163823
122.846079,47,9253.82946,200,101.7742
135.309217,49,101.870236
116.180111,97,102.038157
136.317771,65,102.164514
118.363421,76,102.301005
111.37.708448,200,96.1858120.284125,64,102.506509
100.440693,126,102.723214
134.113683,93,96.511548
137.858318,84,96.672086
117.784257,80,96.815013
121.570045,100,96.994731
118.267018,42,97.071785
142.41785,72,97.194468
148.981138,75,97.328181
124.567028,27,97.389294
134.174541,54,97.485871
125.230309,50,97.578429
110.9028132.743719,80,1091.410895,95,97.78771
123.883332,57,97.889458
129.337417,68,98.014744
119.802912,33,98.076648
134.728665,50,98.168172
148.383211,64,98.288568
133.108965,44,98.3131.92085.23262,58,98.45901100123.812603,36,98.5325361291.072645,59,98.632297
104.416089,58,98.746922
1128.340181,89,105.1260912121.156291,36,105.1920696.898116,200,99.27173
107.78161,36,99.338317
116.444998,79,99.469402
114.877818,20,99.519572
125.908906,44,99.599028
103.086127,84,99.752149
207.620906,200,100.11121
110.47113,58,100.219877
108.656844,92,100.3862
50.798692,157,100.664723
165.199568,76,100.792258
120.302873,17,100.831185
-34.581277,183,101.158314
193.511449,94,101.329344
116.69135,16,101.345886
127.699496,41,101.430989
144.821141,48,101.524946
123.105929,15,101.545343
102.727806,46,101.634255
125.227235,35,101.698682
148.441961,77,101.838183
131.688862,34,101.894661
113.565848,46,101.978702
59.049435,62,102.095944
-5.941173,125,102.315363
185.694327,87,102.480234
79.225659,70,102.609796
96.561228,48,102.696944
63.168782,79,102.842113
287.230525,171,103.145782
134.228233,90,103.31355
105.226269,25,103.348895
102.372924,64,103.474436
105.545793,65,103.580982
100.155615,66,103.711934
153.115728,112,103.910374
121.878977,55,104.011283
134.986022,49,104.099023
134.276573,48,104.18611
170.090286,134,104.411143
133.373433,77,104.566566
137.275459,31,104.621359
121.318096,38,104.691172
13.155684,158,104.976494
144.610633,79,105.111927
186.16291,200,105.469262
119.31084,11,105.494563
115.260599,57,105.594378
107.100519,200,105.958136
112.916552,27,105.999929
177.49431,73,106.127913
155.599255,103,106.323496
110.437421,20,106.360658
204.589153,200,106.711041
122.911172,43,106.794407
202.744775,138,107.043673
130.159264,51,107.128294
221.000043,149,107.405544
142.273221,62,107.520224
147.22688,53,107.615304
137.989592,52,107.708745
103.612923,65,107.816099
89.288522,52,107.918456
118.946494,28,107.954194
125.807032,101,108.145453
132.922829,59,108.248553
137.580075,34,108.310964
111.172596,29,108.37331
137.342293,75,108.50057
134.317522,46,108.589931
126.875392,31,108.644234
113.225297,16,108.660993
-252.908942,200,109.027538
103.047229,71,109.179373
123.897248,40,109.247766
128.328646,53,109.349622
114.29112.311393,57,115.113.074479,51,109.47776208.636352,200,103.346146
130.763679,35,103.411098
178.63206,106,103.603963
165.135892,71,103.72965
125.414345,45,103.816264
99.850545,53,103.9107
261.088711,116,104.118355
126.638516,70,104.247537
100.299502,71,104.379063
118.57218,15,104.396407
120.206755,120,104.61171
97.98284,114,104.826293
92.681004,91,104.991098
122.962849,25,105.032719
112.326751,49,105.127371
124.494719,36,105.189997
127.896435,105,105.380876
118.227539,13,105.396185
133.118387,44,105.484107
118.008396,46,105.568587
131.412593,50,105.660586
130.378745,51,105.746388
124.690207,30,105.8105197.135.423148,59,105.918441060.903847,74,106.054738
137.241126,67,106.176284
133.381475,83,106.328337
112.245774,12,106.34949
121.164519,24,106.392309
126.648384,27,106.446215
145.432438,57,106.550345
105.964557,41,106.61275127115.85756,28,106.67759412122.846352,62,106.78490259.132798,200,109.221288
113.862839,36,109.286673
120.550136,51,109.381522
120.227144,38,109.450718
117.832217,24,109.494407
124.819239,54,109.5867
123.148158,45,109.669037
118.771368,35,109.721504
123.853716,64,109.851049
107.323642,59,109.957448
111.082172,64,110.073669
114.795724,23,110.104662
136.368999,66,110.237923
118.92.255907,56,114.4695411679.523447,75,114.59945213123.953545,38,114.6737096.117.796641,10,114.694118.393.579742,51,114.7816113.260832,81,110.704592
-27.434932,200,108.769251
123.686677,23,108.794896
114.669749,24,108.850286.228042,190,111.155975
129.720214,112,111.359342
151-19.367416,200,109.384829.347.247818,200,109.7287102.-21.332766,200,110.100587
140.204031,64,110.220028
145.979108,48,110.292926
207.710288,116,110.508375
104.244733,23,110.549365
114.61933,200,110.899402
132.857242,53,110.999294
116.61417,47,111.105891
245.881074,126,111.329936
101.503158,40,111.394772
136.238873,200,111.749498
206.634476,198,112.096839
200.287303,101,112.281636
100.804381,14,112.311319
115.123702,9,112.328648
137.578204,41,112.403425
102.912792,17,112.42915
115.062832,42,112.496167
89.911537,31,112106.08195178.493405,148,112130.993131,200,119.22761
134.218473,200,119.603864
161.424086,107,119.791651
111.129534,24,119.8377
109.328862,26,119.87728
98.932938,200,120.227093
105.592961,14,120.258342
187.025811,152,120.532076
81.398827,200,120.873893
182.368022,57,120.976186
124.62171,38,121.058955
129.724112,200,121.41884
193.602686,112,121.609583
116.820082,36,121.6775
46.315813,200,122.024911
118.964701,48,122.110294
127.486797,63,122.23363
82.427971,200,122.59042
123.235727,37,122.648769
142.235843,72,122.776986
137.612709,200,123.141582
131.916621104.636408,200,1151.042275,84,123.32766
141.48059,80,123.481691
124.367901,45,123.56849
128.414338,39,123.632224
188.638796,197,123.985554
118.9945,10,123.997267
-0.166438,200,124.358192
122.22865,75,124.493237
118.744218,43,124.558139
124.550685,160,124.843749
34.8413,200,125.202692
109.188331,14,125.22656
128.695139,60,125.332337
129.848091,42,125.409166
122.847631,42,125.477298
117.807322,14,125.511712
195.021477,105,125.697053
112.22448,24,125.726576
150.094894,73,125.868855
109.344351,13,1291.977168,98.874848,200,126.248012
133.67968,83,12206.955917,143,130.5748389238.9195282.566724,177,12-162.998099,200,120.681473
97.302696,56,120.78651
51.032171,200,121.143445
121.588097,200,121.495016
116.482837,22,121.528817
106.539812,187,121.870577
124.096515,34,121.929231
198.268547,120,122.144402
105.424042,28,122.19854
125.46771,22,122.235718
205.174149,78,122.406152
109.893403,15,122.433447
105.196698,22,122.47454
121.987523,18,122.508509
115.384598,17,122.533924
-150.631986,200,122.878996
153.487037,70,123.020127
165.438795,62,123.134251
102.319048,20,123.162276
143.165273,83,123.310029
122.862281,29,123.368415
104.340278,15,123.103.655115.265103,13,123.4137.450668,87,133.952794-139.791701,62,134.062663
136.465111,32,134.1143471124.19159.521522,65,123.78120.64127.893555,41,123.84131.89210.632025,92,124.03173.85116.873939,58,124.133110.6180.527433,122,124.360088
112.721686,30,124.417241
167.849227,89,124.57185.38116.462789,70,124.69555
119.503632,147,124.967447
137.68245,31,125.022686
172.796695,113,125.203-49.5190.315441,96,125.393841
121.545596,46,125.479449
124.93396,35,1166.010513,130,127.809432
169.594162,65,127.920597
122.668326,28,127.983629
171.782344,135,128.226947
117.460705,12,128.247735
104.83612,31,128.30545
136.601516,60,128.409334
155.319473,59,128.519415
124.299289,30,128.574044
154.374882,91,128.736586
129.592512,119,128.954411
119.096721,18,128.98659
179.824515,127,129.212243
177.961052,125,129.437532
98.571011,3,129.443532
146.87856,54,129.537306
132.966193,66,129.654738
224.382548,151,129.927237
141.30071,76,130.053684
220.747193,120,130.270366
198.659228,146,130.541662
155.798805,107,130.72166
229.534937,139,130.981012
131.404795,74,131.102638
119.202586,38,131.171373
148.40084,116,131.372672
150.479437,97,131.560685
55.228641,200,131.905886
144.585955,67,132.020308
280.233099,195,132.384885
125.113064,44,132.453721
138.193605,35,132.52913
144.312358,55,132.627807
154.518398,77,132.766681
174.542074,79,132.907868
198.177377,89,133.070852
182.002633,128,133.287377
130.465168,34,133.353923
130.99799,24,133.407115
174.392528,62,133.520697
138.24449,24,133.565234
12191.702908,97,141.967149
148.584553,68,142.09149420300.366792,181,142.444084
164.725505,67,142.559875
183.069016,98,142.726434
155.104656,47,142.829589
127.427772,49,142.918133
122.804059,18,142.948403
147.045731,79,143.093278
113.973008,19,143.126315
128.224482,48,143.213386
153.146448,46,143.298401
107.604029,46,143.38464
151.909997,59,143.494414
144.950626,49,143.578952
188.584333,70,143.705429
160.586494,90,143.870113
177.393764,59,143.97691
167.789377,102,144.163915
149.850995,56,144.264202
113.454092,42,144.342396
141.74639,41,144.415818
128.566687,19,144.447465
183.788406,71,144.577234
178.45305,74,144.713224
143.587081,42,144.776465
168.881234,97,144.966361
148.051403,48,145.043143
294.414135,150,145.326814
180.567706,82,145.477443
168.311745,60,145.586584
136.862687,55,145.679868
131.926144,80,145.827183
216.004369,112,146.031106
142.596672,65,146.149492
122.629237,24,146.192797
167.888101,66,146.31368
131.619304,66,146.43569
123.464345,41,146.50978
235.795406,200,146.865136
184.652115,93,147.026355
121.986655,30,147.094463
152.888831,69,147.209671
109.23775,56,147.309734
139.987462,36,147.386776
154.4589,54,147.481506
158.420447,75,147.625706
131.523436,40,147.693238
321.803302,182,148.09945
138.032323,77,148.244243
125.392819,26,148.278739
119.915053,23,148.330438
166.3533,55,148.43212
198.846681,165,148.709471
147.403943,49,148.811056
199.438868,200,149.159436
156.304495,95,149.330615
192.002994,152,149.630068
233.024622,113,149.832555
125.5023,38,149.901354
228.503119,200,150.241636
164.366432,83,150.398373
112.939003,13,150.426067
140.973427,44,150.505733
128.089385,51,150.600857
119.530333,29,150.647038
114.988737,65,150.766989
113.006923,8,150.776014
139.202291,31,150.835242
144.010347,55,150.926025
330.996198,194,151.279291
132.771159,38,151.343002
185.237256,78,151.48601
153.877302,81,151.626435
141.939271,77,151.757123
82.129862,200,152.117752
149.672329,64,152.226442
246.649902,145,152.506478
118.390881,73,152.645458
152.057869,58,152.741532
287.887455,189,153.083897
172.999171,94,153.251071
119.038203,20,153.288445
121.981364,22,153.327523
191.667638,89,153.486596
236.082711,137,153.734575
76.277842,130,153.966913
172.693063,200,154.319749
-231.095902,200,154.65926
207.513123,200,155.020671
125.70611,26,155.07073
261.153771,200,155.419793
125.033024,39,155.493837
283.14442,162,155.773767
152.521815,84,155.929528
229.163486,99,156.093572
136.261317,46,156.180198
145.346966,67,156.306755
132.371706,24,156.351005
107.394537,31,156.405016
115.233319,25,156.45206
129.488238,52,156.546553
113.961501,63,156.659764
240.470639,114,156.860174
270.80086,200,157.207059
130.142957,19,157.238311
122.601975,49,157.326521
168.773353,200,157.67891
259.707503,200,158.04038
141.198701,67,158.162212
150.823294,53,158.261698
-207.247898,200,158.608336
281.799165,200,158.960041
100.643992,58,159.070382
142.84921,57,159.164288
-160.130822,200,159.524691
126.309271,44,159.604303
115.045782,19,159.631698
120.896254,26,159.676263
103.861082,82,159.834317
120.983014,27,159.876362
256.67224,180,160.192877
145.729501,57,160.289248
228.429181,200,160.651535
346.14241,171,160.955751
165.657343,81,161.101892
117.908084,17,161.135326
165.258115,200,161.486125
135.66045,31,161.54439
270.217462,200,161.892337
267.413102,200,162.254917
77.164327,200,162.609717
133.438708,35,162.673829
140.182692,46,162.741727
150.30543,65,162.892577
137.771579,41,162.959242
100.430533,20,163.006374
126.429598,47,163.092363
107.369103,28,163.141804
127.786866,39,163.213602
259.709311,200,163.558959
124.866573,40,163.63571
195.716655,101,163.808919
331.630684,188,164.142133
-33.441024,200,164.500884
296.363525,142,164.748898
248.814746,134,164.973498
264.223751,200,165.339211
269.894965,200,165.676491
196.337524,200,166.040036
244.356998,200,166.387016
122.655092,67,166.504861
262.7148,200,166.850853
211.199799,200,167.194947
229.983054,200,167.539063
342.447363,183,167.858454
285.615775,184,168.195131
224.849836,200,168.538975
155.255119,200,168.893202
267.646219,200,169.245963
138.590931,200,169.586574
269.539414,200,169.929266
264.44143,200,170.28863
253.82604,200,170.64231
237.209057,200,170.982674
199.11611,200,171.336054
240.643989,200,171.680067
250.217449,200,172.044981
239.955984,200,172.383297
137.702269,200,172.727027
200.721414,200,173.085223
216.414238,200,173.429524
278.681472,200,173.788275
241.661742,200,174.140761
273.42194,200,174.490648
220.871002,200,174.825266
248.741781,117,175.046365
188.760874,119,175.251852
217.859182,200,175.584452
201.774572,200,175.951515
263.965146,200,176.315491
177.049445,200,176.656455
245.617282,200,177.02408
169.664679,48,177.108813
232.212764,200,177.478704
200.82148,200,177.819825
230.416998,200,178.18065
101.18877,24,178.216004
112.030037,23,178.265096
241.504092,117,178.4584
200.449022,200,178.808451
190.989555,200,179.156306
204.855605,142,179.408396
193.911513,200,179.7584
241.056709,200,180.122429
327.324799,189,180.450761
227.35969,200,180.78905
197.769334,119,181.007262
173.542837,200,181.358346
269.970682,200,181.706268
214.98767,200,182.064565
120.091071,53,182.158325
111.989317,49,182.24716
202.064432,150,182.50824
131.961263,54,182.600652
275.736642,183,182.929618
123.546482,40,182.992078
161.090894,124,183.225454
265.798734,200,183.571255
149.635618,67,183.698482
232.953941,200,184.058266
234.134436,200,184.424939
198.335227,200,184.783552
121.848012,19,184.8072
157.180989,80,184.958411
250.832385,134,185.193679
100.0,1,185.193679
247.403806,141,185.45706
126.83313,22,185.491703
239.115901,140,185.741867
127.23348,54,185.8437
234.831895,157,186.126728
104.167978,15,186.141888
140.087102,40,186.228156
156.127467,121,186.423586
120.028467,46,186.509209
118.292543,11,186.540461
230.277516,200,186.893774
340.675235,173,187.197082
249.470026,200,187.542365
124.953757,35,187.60833
176.820152,200,187.962048
120.23997,43,188.024799
127.436223,71,188.170683
120.087546,69,188.294055
271.339248,200,188.661602
133.231526,124,188.8828
116.193837,29,188.930353
272.70787,200,189.287672
214.443033,88,189.444594
198.290078,158,189.726729
115.320842,26,189.758156
114.225092,15,189.796236
230.63621,200,190.166586
211.551137,200,190.525193
131.819439,40,190.597696
218.529459,200,190.941887
136.641936,115,191.147754
89.42152,40,191.225163
110.410254,55,191.325702
192.977082,200,191.689466
151.451818,124,191.908001
47.039311,55,192.008225
111.823018,32,192.073549
117.79179,83,192.223634
121.556394,37,192.290977
125.907381,27,192.339031
107.596775,69,192.461695
107.050863,22,192.496122
124.809811,38,192.55919
135.054964,32,192.628003
124.596757,58,192.730211
204.597636,74,192.865977
91.163851,20,192.902045
124.111908,61,193.010761
121.470199,31,193.067377
115.16258,56,193.168009
143.961018,38,193.224634
229.338723,137,193.474767
109.269002,53,193.574615
141.63716,41,193.648943
133.506531,46,193.731266
110.841054,44,193.807962
153.452938,57,193.912927
276.994486,126,194.136567
169.975164,88,194.293909
239.012567,200,194.658489
246.841875,95,194.841331
226.246091,100,195.026671
107.097352,4,195.029696
112.107009,34,195.099346
108.654287,39,195.158172
131.860553,45,195.247685
131.413137,43,195.328914
141.925808,39,195.398731
146.633783,58,195.494903
109.939825,12,195.523769
141.637044,55,195.623696
148.611702,94,195.79143
138.192699,44,195.873564
120.726519,10,195.891679
87.206011,78,196.032551
219.93799,154,196.311552
135.504903,52,196.391375
158.918187,72,196.523352
161.871519,78,196.669367
120.529258,13,196.693808
112.419173,6,196.693808
123.526893,18,196.729223
107.511601,40,196.809698
135.989837,43,196.887086
112.849558,14,196.911357
102.962739,37,196.979997
118.372102,44,197.060419
159.612186,67,197.180618
249.055553,181,197.503779
114.648963,27,197.554008
166.284444,140,197.806936
111.070034,34,197.866633
116.980463,13,197.891332
134.511001,29,197.946218
106.984872,4,197.954218
114.782568,12,197.976513
142.407283,35,198.024849
153.812488,54,198.123434
214.104031,72,198.248431
158.557973,200,198.61141
221.425761,101,198.791146
246.867696,128,199.043305
127.05439,61,199.151745
121.961544,17,199.180254
127.656705,66,199.291072
104.85095,23,199.343777
138.065869,65,199.461594
138.866219,41,199.524064
131.197936,24,199.574811
142.33326,50,199.675006
153.785597,46,199.757271
134.438246,45,199.824836
114.565339,26,199.882111
96.687306,15,199.908171
100.058786,11,199.931165
127.425997,35,199.995984
113.153673,42,200.083905
130.443415,35,200.146874
133.086534,41,200.225064
116.666681,51,200.319264
124.773306,45,200.39861
112.796732,28,200.441015
106.505393,32,200.504302
112.569332,9,200.522305
122.472569,52,200.612396
125.059611,18,200.650103
123.133196,72,200.774781
111.535343,35,200.850284
136.973025,45,200.930299
134.896673,48,201.024368
120.820898,33,201.074823
119.409691,46,201.191528
135.985948,36,201.259509
135.187232,43,201.338329
171.134029,59,201.441155
127.653801,31,201.506737
123.173124,60,201.61351
128.083286,40,201.686979
129.052604,37,201.741091
292.703852,158,202.043584
119.080386,18,202.074965
134.432449,65,202.197682
188.317802,200,202.562499
94.970051,7,202.574875
124.692913,40,202.649493
121.498691,20,202.684817
116.660629,11,202.706054
108.94885,55,202.79561
176.603923,94,202.974343
119.55305,21,203.012152
133.255131,67,203.136807
126.233746,43,203.207882
191.501985,64,203.331729
114.564458,52,203.424685
121.437988,62,203.538122
138.501054,59,203.648796
115.636661,55,203.744503
92.190756,11,203.77012
105.230954,67,203.89127
101.380212,2,203.89127
110.393335,34,203.958018
127.554506,49,204.051317
100.242814,53,204.14915
122.780448,50,204.238919
120.369788,84,204.374468
103.271761,21,204.426514
130.7052,48,204.51479
141.097789,66,204.637928
111.814905,19,204.674284
132.709677,33,204.733757
179.8481,71,204.865384
238.509032,116,205.069538
121.102225,36,205.133888
135.293484,59,205.224231
106.488204,6,205.239858
98.27701,20,205.286735
182.695995,62,205.397409
228.914806,165,205.691081
181.092624,200,206.053228
298.743293,177,206.373842
94.283252,35,206.424444
235.422318,168,206.740876
125.30314,38,206.808162
119.040198,21,206.841007
128.486657,33,206.907661
139.69796,49,206.996739
296.485991,177,207.301245
107.216836,53,207.410068
104.43037,32,207.457673
215.475122,143,207.730659
89.150446,20,207.767993
111.136559,10,207.778935
160.318911,200,208.145612
138.51815,44,208.228793
127.986056,40,208.290974
128.991983,44,208.374301
119.725173,42,208.460093
110.575629,47,208.565098
138.356643,29,208.616942
177.319125,200,208.953241
121.664961,82,209.107864
115.12207,10,209.130131
148.273842,155,209.412083
124.613398,43,209.489359
110.238268,14,209.507828
106.663662,11,209.535031
117.846864,30,209.587443
-163.326403,200,209.940784
104.404804,3,209.940784
-67.936367,200,210.307402
150.43975,78,210.458177
112.182652,24,210.503227
129.538656,35,210.564622
126.203057,19,210.59862
137.808686,27,210.649823
136.062399,46,210.730235
204.289457,168,211.02876
113.927256,35,211.100784
113.892379,50,211.193672
106.956472,13,211.21703
98.655205,17,211.241108
155.875689,164,211.540306
108.365779,9,211.555307
120.693929,19,211.592344
134.746849,22,211.62443
101.239677,6,211.640902
118.467736,18,211.67785
125.565385,43,211.741078
158.291874,78,211.899186
135.0875,32,211.959726
189.238135,100,212.142656
101.901163,47,212.223423
-229.466951,200,212.572965
128.412638,43,212.65782
135.7409,65,212.775444
221.580526,200,213.132968
227.535921,110,213.328795
105.222234,42,213.415016
97.038881,41,213.478354
137.899797,66,213.606057
129.997844,51,213.700173
101.946705,15,213.724195
95.93671,71,213.84062
131.259072,29,213.906114
118.186443,21,213.940842
108.558508,61,214.040841
110.039954,57,214.16024
121.676178,66,214.277266
287.89328,158,214.570487
115.381607,46,214.640089
121.556992,32,214.711763
107.574793,13,214.728276
125.61016,53,214.827174
125.08787,74,214.964275
119.778568,33,215.022902
147.079741,46,215.105865
120.76063,33,215.15731
-30.713597,200,215.507271
114.812895,7,215.533967
126.535682,38,215.601058
130.120585,24,215.643387
125.066391,34,215.70674
142.060198,51,215.796168
117.751022,19,215.824085
99.236695,37,215.903193
188.12374,200,216.257616
124.329145,41,216.336517
143.841232,76,216.472819
98.001883,92,216.632464
39.960877,200,216.993022
154.418589,47,217.079475
272.078276,119,217.284403
173.798168,100,217.462007
222.383937,200,217.836381
101.399134,26,217.887322
215.381037,92,218.054527
112.864275,14,218.079687
111.242122,23,218.107616
124.445041,31,218.179115
88.339384,74,218.311137
85.780339,59,218.412246
118.817226,51,218.506838
129.488352,35,218.575624
88.564046,102,218.757607
113.70776,23,218.792637
167.349687,51,218.890386
112.707835,23,218.92409
128.9082,40,219.004113
130.478622,55,219.10528
203.164243,200,219.463747
84.500942,14,219.488379
181.260052,107,219.681821
131.980631,40,219.755716
148.620667,58,219.863319
201.544051,71,219.996991
183.221931,97,220.176248
120.860061,30,220.230609
130.454888,27,220.280245
128.436625,42,220.35872
149.962292,45,220.44101
114.120614,27,220.491043
148.752357,55,220.589906
122.00343,26,220.638218
153.649821,200,220.994958
181.150692,69,221.112553
123.652694,34,221.174736
292.505679,199,221.541863
114.185116,23,221.574688
251.404341,150,221.841064
118.397196,26,221.894567
162.194491,48,221.989193
74.69361,24,222.023869
128.330919,31,222.09253
167.921071,189,222.434218
124.772209,23,222.475312
111.514715,45,222.556545
119.340298,55,222.656773
148.66787,65,222.774168
102.460395,19,222.808236
120.841363,56,222.911474
88.138937,65,223.02339
241.89081,157,223.323422
129.483458,23,223.366481
122.477652,15,223.394307
98.504702,56,223.490505
147.081793,30,223.552155
128.15211,33,223.607267
117.52531,59,223.707175
84.371447,32,223.781604
129.356931,68,223.907664
127.536838,83,224.060262
138.407826,60,224.171831
124.132033,31,224.227241
116.248796,28,224.280674
86.91266,35,224.344779
255.103555,151,224.612987
101.624584,25,224.660422
28.139637,149,224.929082
92.117391,11,224.94363
117.446609,62,225.062986
185.859843,159,225.340574
135.679907,28,225.400229
135.912522,93,225.589432
119.548614,98,225.766866
159.677378,51,225.860458
300.326904,190,226.197739
229.158287,128,226.423541
107.855672,5,226.423541
132.064753,34,226.496831
125.920666,54,226.590358
111.840125,18,226.623937
125.027638,16,226.657822
134.618094,32,226.716515
117.482867,36,226.784024
118.981383,33,226.845707
217.769002,200,227.206346
123.35741,43,227.278016
92.491231,83,227.431619
137.684693,31,227.489151
278.711268,193,227.836324
179.223323,200,228.195029
124.89849,62,228.307202
120.216455,28,228.363436
123.701991,34,228.423754
124.4613,15,228.457232
109.982617,71,228.573655
90.11052,70,228.707619
127.556605,98,228.890565
175.946982,66,229.004708
130.278742,23,229.052583
104.51662,16,229.077061
127.492152,21,229.118282
160.928231,108,229.309266
126.736727,33,229.370321
123.570443,38,229.439621
282.624922,171,229.746482
112.050382,53,229.840524
112.465262,27,229.892943
165.90486,49,229.97901
367.468758,190,230.324836
76.527709,53,230.407755
302.179926,169,230.712811
124.747614,54,230.807074
256.627017,200,231.173711
137.667748,29,231.23035
90.74299,48,231.315574
124.36783,15,231.340202
103.279539,57,231.430298
126.67423,45,231.528055
106.6972,54,231.626667
92.114816,12,231.647695
126.123516,73,231.773715
145.939467,49,231.871546
112.363364,71,231.996586
116.236341,13,232.026981
118.575348,19,232.061447
128.81245,36,232.123811
104.515984,18,232.16229
98.227624,5,232.173415
105.328607,200,232.532343
104.54998,71,232.640999
65.222587,122,232.872292
105.776299,34,232.933294
269.114794,139,233.190046
117.519593,30,233.258722
189.629203,200,233.6069
127.765299,38,233.689666
108.354925,39,233.762317
42.180968,88,233.920774
52.220285,133,234.156974
-16.630583,63,234.278385
109.334636,42,234.359106
108.420862,35,234.422249
-52.34555,79,234.562482
130.148717,59,234.674765
298.105594,200,235.028964
112.688599,18,235.068405
192.258829,64,235.177953
226.886102,126,235.415208
121.373184,37,235.483406
136.703402,26,235.529368
122.681724,32,235.573625
108.185005,18,235.62067
133.08255,32,235.677586
117.668662,45,235.75548
136.852294,42,235.83189
126.771331,31,235.88673
104.091227,69,236.006529
109.400592,62,236.106818
173.260695,61,236.229465
96.914109,8,236.245463
207.009342,200,236.590846
127.654765,38,236.670179
131.543401,22,236.706673
121.826607,34,236.757522
120.464072,31,236.822922
232.47649,200,237.171275
112.045853,13,237.202523
238.757909,129,237.435269
142.554076,40,237.510016
123.355033,49,237.594695
221.853899,200,237.959994
228.702596,183,238.291271
113.689443,47,238.377133
50.06345,39,238.439519
86.104138,33,238.508327
203.285464,105,238.689801
289.179468,200,239.052952
109.075428,47,239.140153
207.56935,200,239.499008
135.631692,23,239.540263
258.825308,200,239.894015
234.14102,111,240.088712
70.773661,200,240.442796
106.313305,49,240.539845
256.908046,200,240.889636
198.824874,91,241.056539
139.404885,42,241.123218
156.992617,61,241.239205
256.782045,145,241.49474
210.163674,137,241.735587
134.5598,27,241.783533
232.044925,200,242.13752
133.677628,37,242.205982
259.595532,200,242.559908
176.845717,74,242.695487
120.514561,77,242.839684
116.859508,23,242.905184
88.709,54,243.003352
116.13444,29,243.058537
108.897004,14,243.082496
276.309125,200,243.439672
122.338974,14,243.469358
134.437578,36,243.534592
141.709943,35,243.595452
120.330172,31,243.644795
100.609728,52,243.739638
290.120637,180,244.073865
286.433038,146,244.336794
114.447901,40,244.408899
108.723377,60,244.517347
118.327635,11,244.538344
131.939023,27,244.585585
108.999724,21,244.626438
102.26877,2,244.629437
174.830729,200,244.989459
123.413246,23,245.030892
240.338144,182,245.350507
127.622378,63,245.456241
254.082791,156,245.736373
119.451846,27,245.790068
196.821508,200,246.144123
117.865629,52,246.239856
207.507216,200,246.594089
263.739173,200,246.939524
216.817726,200,247.306602
126.839777,30,247.356361
118.766083,36,247.423027
181.409249,124,247.65543
116.051381,13,247.680703
123.523414,20,247.712018
294.329976,200,248.083159
312.539591,176,248.400122
142.924744,72,248.529833
150.0582,200,248.872762
131.288081,52,248.975417
131.15325,69,249.100952
118.551701,19,249.135282
102.864475,43,249.213743
121.54009,43,249.292221
132.940399,68,249.410913
212.94312,109,249.611743
117.239642,66,249.729347
137.050503,33,249.791945
159.773982,85,249.939566
136.041955,63,250.060065
158.076369,59,250.191156
266.619265,183,250.635455
261.934274,125,250.921146
136.585039,57,251.065587
119.903961,45,251.173036
98.256359,29,251.241751
93.19887,7,251.258052
158.150057,89,251.469747
123.732563,32,251.548867
123.753009,21,251.589784
127.378047,61,251.743968
136.115079,51,251.86872
123.911662,40,251.956178
152.635013,68,252.127459
142.558632,38,252.219617
131.37368,28,252.290438
110.324927,16,252.328268
129.720741,26,252.391048
113.01569,75,252.567019
121.863081,23,252.623276
114.783283,19,252.656502
109.286768,9,252.692906
203.287446,88,252.896827
111.403907,34,252.95854
104.793706,29,253.010506
99.182006,21,253.039473
92.857922,49,253.129217
113.523543,79,253.272923
95.546262,30,253.342751
135.617471,41,253.406092
112.117637,51,253.506397
121.649624,50,253.604204
110.588041,85,253.75611
121.18901,21,253.793834
123.67614,17,253.83046
132.206282,45,253.913038
145.449104,61,254.024745
122.13344,52,254.111067
109.143804,60,254.229662
164.905406,139,254.4771
92.170575,67,254.592853
129.133949,24,254.642914
140.815922,55,254.74451
128.408799,41,254.821742
121.788058,33,254.878175
130.552709,50,254.976304
189.427142,63,255.091886
110.223075,56,255.194211
115.542753,91,255.356572
129.486182,44,255.438777
119.4343,16,255.456343
120.974115,13,255.493315
95.268492,96,255.662014
133.727887,55,255.756268
113.900636,39,255.843909
90.125128,22,255.883083
150.635578,86,256.041389
121.487965,33,256.10062
133.941917,31,256.155568
108.892335,77,256.288185
153.946871,96,256.466589
255.007415,200,256.824039
114.646701,34,256.882691
173.005712,63,256.998832
115.369609,54,257.09544
239.143528,162,257.372708
116.121339,40,257.456048
127.718577,47,257.544685
201.075704,200,257.911728
93.55646,36,257.979992
110.129707,67,258.102809
121.499087,35,258.16548
122.29319,21,258.188129
100.410262,27,258.239341
124.773531,32,258.311167
134.198578,46,258.396996
109.028745,18,258.422857
68.139272,28,258.481976
114.710075,41,258.556314
111.697612,42,258.632555
107.861826,20,258.671978
114.399683,47,258.755283
130.762793,49,258.844219
119.673196,47,258.931289
122.75622,50,259.024275
131.723288,53,259.118451
108.019198,9,259.13645
240.948238,185,259.468282
144.960644,37,259.522657
132.466017,44,259.611538
94.226454,45,259.689319
125.546679,36,259.757426
151.639887,54,259.855322
180.145671,85,260.012436
114.037324,45,260.094094
237.926768,125,260.336041
99.479836,48,260.422602
124.050052,18,260.459036
54.22296,200,260.817232
159.566909,59,260.926473
109.967919,49,261.005868
111.428109,30,261.069225
115.300922,35,261.130152
234.00736,200,261.493217
125.182621,37,261.56021
239.064797,120,261.772607
118.15405,33,261.844342
119.537574,16,261.873659
116.113765,8,261.888769
134.069259,49,261.981277
111.818007,47,262.061101
133.537718,45,262.151337
117.690092,13,262.176336
122.981854,21,262.205886
173.193225,72,262.347517
102.32772,11,262.367328
124.503471,47,262.457281
122.012297,29,262.511286
229.209011,140,262.75568
115.532583,20,262.793404
138.948808,53,262.889273
117.354886,35,262.956216
123.631111,32,263.024837
116.09055,25,263.062245
128.764636,101,263.256251
132.281888,58,263.359677
118.757815,16,263.388141
113.736388,31,263.444146
134.967089,40,263.521147
124.106568,28,263.572812
114.046622,25,263.606112
119.807823,40,263.691123
127.437193,41,263.755352
120.067086,42,263.840925
116.406356,17,263.872111
117.976004,57,263.978395
139.907812,60,264.086962
124.85451,17,264.119761
101.173949,33,264.173942
114.130219,40,264.25345
138.683345,45,264.322453
130.312557,61,264.446537
115.816215,11,264.459896
132.217545,53,264.561208
113.640134,53,264.658553
99.900349,46,264.73914
170.818047,74,264.876922
140.171735,59,264.981848
157.686631,147,265.252426
114.667216,19,265.288417
104.354575,83,265.439237
136.062135,45,265.525861
132.441408,21,265.562233
131.330294,41,265.641884
126.912535,35,265.705898
117.745754,52,265.806327
125.533492,34,265.86656
98.397447,29,265.922333
113.753657,53,266.022597
116.59092,17,266.038929
121.864557,21,266.105647
117.66413,24,266.164348
151.533523,58,266.270248
128.688864,32,266.32246
127.83083,48,266.405284
125.314789,41,266.489245
115.836354,12,266.505793
82.650627,46,266.588878
104.27572,77,266.72575
114.310237,32,266.789055
106.398183,20,266.830808
140.873556,65,266.939347
118.093051,46,267.022436
95.923881,44,267.118916
102.536625,46,267.205497
145.096287,46,267.291283
134.399224,57,267.396784
121.76403,32,267.455959
124.765982,22,267.495586
133.553447,37,267.555898
132.551222,54,267.655673
112.759738,50,267.755826
109.562847,21,267.795635
120.020632,34,267.86126
120.152322,14,267.894643
111.55336,10,267.912406
135.484817,72,268.044602
119.909731,15,268.072531
143.094372,57,268.177067
93.447614,47,268.26685
119.271361,15,268.289129
124.052913,49,268.374768
107.657515,33,268.444622
120.474195,52,268.543426
155.204834,69,268.669127
128.712543,49,268.760066
99.002421,19,268.789318
116.430936,31,268.844373
106.812781,45,268.922472
120.638889,39,269.010261
120.250216,24,269.03926
125.191283,46,269.122586
114.27473,39,269.212018
122.40771,29,269.260209
133.221963,34,269.330097
108.165154,32,269.389101
138.941568,48,269.476648
88.318063,18,269.5059
118.082537,15,269.539183
136.781166,49,269.628847
124.387772,29,269.672315
96.54612,23,269.722573
112.59324,23,269.774316
120.591334,31,269.822487
110.877653,48,269.916068
97.356784,4,269.922091
145.089049,69,270.039156
285.15205,129,270.292725
138.409735,60,270.389134
102.462138,28,270.457129
-144.598293,200,270.822336
179.805364,82,270.97604
124.927575,30,271.02764
127.339154,25,271.079566
122.901616,45,271.161002
118.138818,21,271.205607
127.555681,44,271.303953
143.153682,46,271.390417
114.025239,52,271.472501
120.338862,37,271.55519
90.512274,30,271.608371
140.198597,40,271.6778
122.904505,34,271.744192
119.343439,31,271.793458
109.000705,28,271.839149
188.843475,104,272.043277
124.465942,48,272.122537
127.802792,31,272.192265
143.767346,48,272.277718
112.382187,18,272.312107
-151.121024,200,272.672128
122.918456,37,272.743025
109.233725,57,272.853165
155.427473,62,272.958584
136.805416,54,273.067226
113.657146,35,273.127826
126.241683,57,273.238035
131.326441,36,273.306018
158.27862,45,273.388912
134.05159,30,273.443798
163.643595,55,273.544288
107.986466,6,273.560002
128.758013,35,273.622436
137.999676,31,273.677572
117.059833,11,273.707122
118.945637,33,273.770176
127.297712,29,273.823574
138.257817,62,273.928902
118.030955,19,273.972366
126.396707,22,274.005557
116.76831,27,274.061109
129.587137,26,274.105913
128.36457,61,274.223606
110.474547,52,274.319019
108.431341,24,274.363905
112.941905,26,274.411459
112.29895,12,274.428757
138.409786,48,274.522416
127.482896,41,274.597523
126.411413,23,274.638726
154.151345,67,274.755493
102.727545,10,274.782514
143.56776,63,274.888858
129.872231,46,274.9771
164.04523,76,275.123249
160.412232,59,275.222298
138.422413,51,275.326974
133.314502,21,275.361427
118.85475,34,275.428131
121.781454,14,275.456074
211.625467,140,275.705383
164.910753,68,275.835858
103.529451,20,275.872145
137.147555,25,275.91084
112.83512,22,275.955456
105.588613,63,276.073889
166.125845,62,276.189873
131.130967,30,276.239058
148.856984,57,276.344154
134.148368,56,276.459105
111.008525,29,276.509547
121.783385,56,276.635536
149.063638,54,276.722077
137.943327,48,276.822507
136.216396,30,276.875519
95.574909,35,276.93868
98.306664,46,277.022099
116.511813,34,277.086278
147.282822,45,277.155384
126.907555,21,277.207692
121.684943,12,277.226361
119.810075,12,277.252023
125.184015,47,277.338722
112.471349,41,277.405544
138.281599,41,277.493072
132.133334,83,277.644453
209.651844,86,277.798427
119.026944,33,277.857807
112.14076,31,277.914102
98.000661,46,277.99515
140.27066,42,278.073619
120.945456,43,278.15409
111.286167,26,278.188921
122.296126,18,278.226962
125.718961,46,278.322793
108.094809,21,278.354862
76.461557,32,278.405579
117.107956,18,278.444352
142.732513,55,278.553482
105.332226,31,278.611093
164.304834,66,278.732452
129.78331,35,278.79588
129.818114,34,278.858791
305.913113,151,279.132835
129.743451,55,279.23228
98.426595,34,279.295566
113.158159,37,279.36124
102.887026,17,279.394986
147.909695,33,279.455554
104.064505,44,279.538606
124.459687,45,279.622289
114.3062,22,279.66061
157.107588,66,279.777411
114.211756,11,279.801955
100.879914,34,279.8553
140.418232,97,280.038793
110.026594,29,280.095981
143.634353,161,280.393948
108.464235,17,280.427759
113.087629,15,280.455299
148.949416,59,280.555298
107.768512,62,280.663443
128.205013,43,280.751919
95.528928,59,280.860581
107.911519,46,280.944354
124.378337,22,280.971849
108.71403,32,281.04491
104.796358,36,281.105113
133.480276,35,281.17438
119.033386,47,281.258341
154.375744,119,281.476312
104.606926,15,281.488592
110.277789,27,281.549647
78.674251,32,281.608542
106.880545,32,281.659426
98.849051,3,281.673202
113.584648,13,281.692828
128.25309,43,281.778285
115.895356,10,281.788721
120.735085,20,281.82203
96.25229,35,281.888746
140.415463,50,281.990911
155.850488,80,282.138736
110.110921,64,282.255204
130.342405,60,282.355232
118.557947,28,282.410748
110.04412,75,282.555287
125.001632,18,282.588774
146.070029,46,282.697866
105.576032,9,282.714646
110.721367,65,282.829191
123.04045,80,282.976677
151.214355,64,283.088869
119.006278,26,283.13863
101.408917,4,283.13863
142.180144,44,283.237596
50.073597,52,283.334261
28.578334,200,283.695409
148.659634,137,283.928828
135.450971,45,284.025372
144.224344,49,284.110739
145.138058,62,284.221811
121.317851,53,284.326566
111.788326,59,284.433577
138.387643,39,284.505986
140.503418,61,284.611748
129.950607,35,284.672073
100.821052,12,284.708032
123.175734,56,284.805382
84.886745,67,284.9309
105.005845,41,285.010052
132.655928,29,285.0553
124.868556,19,285.08865
30.215288,94,285.276701
151.667795,54,285.371704
50.565969,47,285.459932
94.282797,21,285.50545
122.963489,20,285.541746
116.031739,10,285.559502
127.395979,21,285.59483
116.812363,20,285.628109
112.032491,57,285.743911
135.00886,56,285.84267
153.747811,66,285.955358
128.665394,38,286.038582
119.272844,28,286.088571
99.729509,21,286.128068
116.884403,38,286.192558
110.941289,12,286.218481
110.344484,41,286.288271
149.567899,63,286.405112
74.072072,27,286.460491
176.48203,82,286.60517
112.222266,32,286.673007
110.329529,40,286.738507
151.518995,52,286.838482
104.952934,38,286.910441
135.853513,34,286.979661
124.020979,59,287.075904
136.128247,39,287.158644
127.683991,89,287.338663
124.207905,30,287.388644
126.408289,28,287.455449
263.161995,200,287.809544
101.691716,61,287.925693
121.967176,49,288.022066
136.467521,58,288.125209
82.148997,19,288.166446
123.381492,71,288.297779
106.837539,12,288.310107
125.252515,31,288.375982
124.611034,16,288.404328
89.382877,42,288.474791
138.034154,53,288.575754
118.246308,22,288.618267
103.346509,3,288.62196
115.802388,11,288.644917
166.279282,93,288.815468
122.496075,17,288.841335
113.683421,40,288.92431
87.96508,56,289.025943
132.906388,38,289.09366
131.630552,43,289.171872
120.215713,22,289.214379
128.485072,22,289.254938
117.197597,17,289.276372
107.267251,26,289.326732
102.177558,38,289.405358
127.702627,45,289.48595
128.002616,37,289.555301
117.607068,58,289.655005
116.20449,30,289.718291
127.528683,55,289.817392
113.067461,15,289.841615
123.202126,39,289.91433
134.107238,48,290.008616
114.921062,15,290.022642
108.476655,16,290.056343
113.634144,56,290.170408
120.879692,67,290.291722
134.122661,32,290.353143
130.152545,52,290.44826
164.083849,63,290.559244
87.126949,42,290.637724
99.897091,3,290.644725
131.258973,38,290.709074
138.204403,62,290.824485
116.163685,15,290.838301
106.332915,19,290.885925
132.041157,34,290.94347
142.458058,57,291.054899
-55.485411,200,291.407182
130.177048,26,291.455169
218.000321,91,291.621395
161.266383,89,291.79282
121.383497,25,291.838325
139.106314,34,291.891557
115.027302,14,291.927154
31.947956,36,291.991628
121.642264,35,292.059876
123.362582,83,292.209796
118.820144,35,292.271603
102.976554,6,292.289323
66.158682,75,292.428818
128.984309,36,292.49371
159.561325,58,292.599623
117.522135,36,292.66041
120.647344,22,292.706985
177.079143,100,292.883922
62.449168,148,293.148061
157.269274,49,293.221344
128.739646,72,293.354619
155.367847,55,293.461738
122.094922,28,293.512795
97.641545,43,293.587813
121.261667,75,293.72485
150.849221,79,293.891447
129.191431,48,293.978001
117.947364,47,294.061109
113.221085,34,294.124791
16.85347,72,294.254153
274.33268,135,294.488349
99.478507,5,294.510567
140.425511,37,294.578773
99.551089,5,294.589243
139.86736,34,294.638417
129.273018,32,294.709114
100.0,1,294.711115
119.793955,26,294.761445
132.767759,79,294.903985
93.772464,49,294.993494
118.051638,50,295.071264
101.185915,63,295.188363
104.703907,45,295.277003
88.9324,26,295.332732
96.593493,60,295.438125
121.089051,26,295.488018
100.781627,22,295.527343
87.722603,51,295.621864
121.334346,42,295.688305
103.637204,3,295.704704
113.593977,50,295.792798
125.837332,42,295.877751
79.01708,57,295.980799
112.911647,26,296.028251
98.63324,22,296.067715
103.726115,21,296.105302
108.191624,43,296.171496
182.481709,111,296.386291
173.550316,81,296.532828
131.133958,37,296.58797
115.95855,31,296.657385
113.719877,45,296.720176
130.424593,112,296.921342
134.515166,54,297.02369
89.795489,59,297.141111
126.03804,52,297.225613
117.858286,14,297.260127
130.068096,37,297.329704
134.888013,39,297.398383
219.796696,95,297.574704
125.185037,38,297.642749
38.162456,30,297.696355
115.311519,43,297.771606
142.528295,106,297.959064
123.453298,17,297.997339
128.622143,38,298.059666
137.613375,41,298.143508
165.650079,86,298.287838
104.236148,23,298.339321
119.409795,16,298.36632
118.163624,23,298.404635
84.116804,115,298.614
182.11163,91,298.773529
109.394144,10,298.791531
125.196093,23,298.82436
110.97063,48,298.921278
138.08891,39,298.993468
128.75992,54,299.088216
112.053413,51,299.185642
113.64045,18,299.217957
95.205105,14,299.237523
121.250312,55,299.344287
113.365282,15,299.371325
124.441511,41,299.437994
121.578075,22,299.487902
124.054695,40,299.559035
132.958612,36,299.623684
133.255729,39,299.687803
128.314291,64,299.805375
121.313409,39,299.87808
103.353696,27,299.928624
115.655113,59,300.036096
133.317399,67,300.159997
121.018232,20,300.19726
129.903838,81,300.343872
115.717481,41,300.427001
138.432371,41,300.488199
123.643946,51,300.595394
138.906537,56,300.69322
219.702047,152,300.990341
125.112776,37,301.059357
127.341328,37,301.125923
120.832151,16,301.154931
136.344291,26,301.188101
113.290422,38,301.272828
105.345325,27,301.319982
109.583647,48,301.405895
128.111531,20,301.43745
107.44454,15,301.459059
125.29448,19,301.504957
111.889121,12,301.527016
130.719505,27,301.575661
118.033171,9,301.587772
124.17412,48,301.677687
121.298654,33,301.73792
225.216544,173,302.054245
135.341799,54,302.138179
128.538106,24,302.194307
142.389723,50,302.287384
120.596514,21,302.321241
152.586509,102,302.508952
239.942336,144,302.77766
122.774029,33,302.837927
112.61321,32,302.896651
117.487593,9,302.910354
236.07079,200,303.271181
121.485883,33,303.340177
119.385555,32,303.392165
127.487859,59,303.507579
127.691948,31,303.560349
118.554593,37,303.624809
121.442049,19,303.660861
139.395188,88,303.817941
118.920337,53,303.904303
111.565034,11,303.9255
106.90883,48,304.017963
125.300329,41,304.094274
106.922966,14,304.108923
98.395851,21,304.154777
121.144284,13,304.176091
150.15373,40,304.254963
-96.215226,200,304.60986
101.338739,164,304.913227
197.018267,75,305.038022
102.308671,51,305.138869
193.700095,100,305.316905
113.612633,31,305.375765
106.869427,9,305.392101
200.405626,104,305.569849
129.020917,34,305.639077
175.652086,200,305.987567
237.324052,200,306.355423
119.233593,12,306.37673
111.190192,12,306.394235
147.13628,45,306.476563
148.106579,107,306.675547
132.199096,118,306.88292
88.626141,36,306.94718
117.603548,30,307.002055
126.573438,190,307.337713
122.108024,48,307.427638
108.353886,25,307.474478
119.618255,12,307.495133
106.42089,16,307.523864
72.841051,88,307.681464
137.58455,44,307.758534
144.897335,109,307.959091
146.653959,85,308.117331
114.527837,9,308.120992
118.116049,18,308.165823
118.538386,47,308.250129
187.409822,94,308.404351
114.89301,15,308.443948
101.614533,52,308.536316
117.108137,50,308.626687
105.487194,28,308.67104
92.215471,19,308.711387
144.796252,97,308.904966
124.562299,32,308.954693
126.034656,46,309.041842
111.86607,13,309.072434
32.583899,200,309.427427
125.569948,84,309.571786
209.085097,200,309.937566
128.506514,26,309.988467
130.17278,27,310.03775
115.724579,17,310.075546
97.397924,21,310.11461
116.97392,32,310.174228
123.652626,62,310.287756
131.246137,54,310.37555
131.928442,49,310.474252
67.625137,137,310.720735
121.151702,34,310.782687
117.736608,32,310.840918
175.894247,62,310.957864
119.12354,23,310.993005
99.73849,97,311.176406
143.570194,39,311.237586
112.509933,40,311.320709
90.562863,51,311.404475
130.108305,28,311.460704
115.990843,49,311.559634
218.569496,186,311.887586
125.768636,56,311.987611
121.711478,33,312.058478
96.804767,21,312.100783
126.111254,23,312.137839
119.620353,44,312.22614
151.960808,47,312.31621
118.149345,27,312.36492
108.773398,38,312.429857
86.184151,66,312.558802
114.67704,27,312.604247
95.260358,39,312.681219
125.412171,27,312.729182
120.390878,24,312.773611
110.205814,62,312.887429
118.870886,22,312.926467
119.182276,48,313.008281
-146.91777,200,313.3783
128.755747,64,313.488288
121.544985,31,313.542197
77.614527,200,313.903986
113.126907,8,313.919612
90.314326,25,313.97331
123.771995,49,314.062479
183.219425,130,314.297336
123.648906,36,314.365182
104.198272,55,314.468011
232.399833,200,314.82162
113.705286,14,314.857504
192.219728,83,315.006444
133.99664,52,315.087038
207.415679,108,315.302618
121.190898,34,315.35943
111.784332,29,315.404366
121.541148,51,315.520918
126.908493,55,315.6375
104.913624,18,315.671096
119.014118,16,315.701155
136.345487,28,315.737405
55.154125,138,316.004249
109.229691,15,316.026523
113.313482,31,316.092472
240.529343,149,316.362575
156.501554,102,316.547249
98.573243,23,316.587455
116.021355,17,316.620415
92.866418,200,316.969516
229.563178,170,317.28104
108.752702,26,317.32818
138.328507,77,317.456733
100.433498,10,317.488305
140.596511,37,317.554354
203.05428,200,317.904022
133.69172,48,317.999876
122.33245,43,318.070722
172.206134,175,318.393802
257.095874,200,318.741666
124.592001,28,318.804374
116.944619,70,318.926032
111.113448,18,318.954366
114.744632,30,319.009381
137.601088,37,319.070685
115.117567,43,319.153803
125.606378,57,319.265412
106.654054,9,319.274132
131.26639,54,319.373033
98.268773,22,319.42065
114.257426,12,319.441851
113.715417,53,319.536856
114.979522,17,319.570663
132.252442,39,319.637339
122.86234,48,319.736658
116.737156,55,319.840305
122.713713,30,319.887473
112.144455,136,320.147092
112.983997,57,320.242755
119.406658,16,320.275654
122.507215,35,320.337286
86.902554,27,320.391861
206.814968,100,320.570834
72.987366,33,320.637906
103.19595,32,320.691822
91.041244,39,320.757949
109.233539,29,320.807375
142.026579,51,320.911392
139.204721,29,320.965269
124.600735,36,321.024876
105.125001,47,321.115371
178.183696,101,321.292617
166.592921,64,321.43961
111.598112,11,321.453954
70.593359,62,321.572949
117.384983,45,321.653998
137.968779,40,321.730371
110.057067,45,321.809198
147.795651,47,321.887407
123.366085,41,321.974712
136.097319,25,322.02187
112.284009,48,322.111212
226.075486,110,322.303876
141.701699,54,322.409458
120.95372,40,322.487124
113.397955,17,322.52059
146.683545,60,322.620581
97.233042,77,322.767584
117.507729,19,322.801585
124.513275,17,322.820522
114.204129,31,322.889704
23.582274,77,323.057794
124.51789,53,323.156329
113.742468,43,323.231827
121.937226,13,323.258892
185.860725,71,323.387352
112.878913,35,323.454088
120.627509,38,323.520757
83.971091,39,323.597516
87.731612,98,323.778229
109.729671,49,323.87031
95.681588,54,323.97098
127.166958,55,324.072048
127.807892,32,324.125825
117.852299,12,324.152766
126.848717,22,324.192043
119.764635,24,324.237271
129.715269,40,324.304451
112.559957,61,324.425446
95.143623,18,324.454058
77.917353,200,324.817153
124.260699,37,324.883918
118.677088,55,324.985917
94.116794,29,325.035776
133.250372,47,325.120558
87.566841,84,325.280495
172.114499,151,325.556317
123.357522,32,325.612229
161.279128,66,325.720563
121.428602,39,325.807205
95.396481,49,325.894125
76.818493,43,325.970312
111.579647,34,326.034197
118.747791,35,326.090673
123.333116,65,326.207659
222.250968,189,326.552512
300.068834,139,326.806481
96.697338,44,326.888444
112.65979,47,326.973192
126.482016,50,327.058359
44.622952,69,327.190845
192.227523,77,327.330818
124.812854,25,327.370611
121.399116,14,327.401366
159.26012,91,327.554552
141.211742,47,327.65387
98.525781,22,327.69352
128.579355,93,327.863162
113.426559,12,327.87484
129.017235,62,327.987193
131.524823,51,328.094492
135.065857,54,328.185986
124.792167,34,328.251346
197.482564,149,328.520356
146.286181,47,328.604151
81.787118,32,328.664992
99.789859,24,328.703668
179.874424,150,328.968065
85.609699,61,329.070328
126.245922,32,329.14232
136.123401,20,329.170574
115.25249,40,329.253706
102.535424,3,329.253706
110.890881,102,329.44474
129.85389,21,329.476994
156.553538,81,329.620484
116.581525,66,329.755954
127.796211,84,329.93322
103.379341,9,329.941072
110.7744,59,330.058431
107.213004,20,330.099827
74.555034,96,330.273684
96.692276,27,330.327485
113.718457,9,330.337058
102.966885,10,330.359127
121.423984,31,330.42034
94.489307,34,330.475818
133.486634,64,330.587058
133.916424,56,330.704809
131.825038,65,330.821574
114.357391,17,330.841315
114.410074,56,330.956693
136.908657,44,331.036828
150.771017,44,331.106135
71.88301,34,331.170447
128.946244,32,331.242819
95.948059,11,331.262295
111.579177,23,331.302915
124.949126,46,331.390804
90.382936,37,331.458244
85.635047,69,331.583385
107.250939,12,331.605022
82.554179,41,331.670376
55.599932,95,331.855903
127.584694,46,331.939358
122.239842,20,331.975523
108.830567,17,332.007031
124.947357,31,332.057651
78.767234,76,332.190394
32.544006,61,332.308906
108.771898,18,332.351336
106.328642,43,332.420135
102.148034,9,332.446762
105.77164,24,332.49356
81.469415,68,332.615
40.276148,129,332.851079
115.274187,32,332.903547
103.807571,148,333.173963
111.655563,34,333.236188
100.448845,34,333.291532
43.781983,85,333.454945
366.968797,197,333.80355
121.902803,14,333.840488
106.595759,18,333.872227
80.240912,59,333.970199
82.064957,54,334.0751
63.149939,23,334.119494
121.289845,45,334.207028
84.677053,91,334.37083
113.668881,33,334.42028
78.825588,14,334.458566
128.092189,67,334.576434
111.128704,38,334.652174
164.571273,200,335.008814
64.585573,36,335.070107
110.254276,15,335.103476
100.426892,44,335.186711
94.545374,66,335.308047
86.451085,52,335.411766
55.512659,62,335.525496
121.380773,12,335.540957
103.983958,15,335.574515
98.936226,36,335.642192
108.11764,67,335.788101
87.771552,39,335.857529
219.074728,106,336.05363
87.220615,27,336.108704
118.012351,45,336.191125
109.764029,74,336.319931
95.419502,56,336.43004
84.952347,47,336.503568
101.977845,39,336.587005
80.285783,92,336.757498
44.397456,72,336.890738
130.236713,55,336.986972
144.86611,59,337.098118
119.440824,46,337.181517
117.249004,56,337.282458
125.126554,24,337.320069
98.985769,33,337.386444
121.023399,11,337.408834
117.778434,24,337.451657
84.931095,52,337.536767
33.503044,86,337.695402
120.753223,25,337.736227
307.613239,199,338.110703
120.700539,12,338.133702
81.551122,27,338.183352
112.288468,59,338.292175
100.951931,50,338.382239
121.12604,11,338.404451
110.991623,65,338.525644
105.756715,53,338.620238
88.468228,113,338.819958
108.03729,153,339.112377
125.401563,17,339.136197
123.587031,82,339.292247
144.07826,91,339.454673
82.974511,60,339.574137
103.683157,18,339.607643
101.322212,39,339.675632
106.468435,37,339.741405
103.726402,50,339.839947
121.05311,86,340.020477
109.430341,11,340.044145
227.436587,146,340.32226
155.848361,58,340.42982
115.196107,23,340.471295
56.494783,82,340.620801
124.880951,21,340.653306
113.097538,8,340.674636
73.328807,70,340.80587
101.595875,22,340.841134
112.475139,31,340.902538
80.43405,51,340.986703
195.627294,200,341.369805
137.367762,36,341.453181
101.328547,22,341.492239
123.037077,29,341.542153
110.46611,19,341.57464
118.237918,36,341.650904
113.288885,38,341.72194
116.41328,21,341.760537
92.779722,40,341.820052
117.347771,23,341.874457
125.735432,24,341.923227
120.481816,42,341.997032
95.51538,58,342.103294
137.72541,32,342.153486
106.173239,33,342.223926
59.365525,49,342.31068
257.18475,135,342.557122
66.55742,22,342.586573
107.768845,17,342.625239
114.477492,29,342.680138
114.268215,11,342.703217
123.728979,27,342.754656
107.762079,36,342.819804
89.410855,56,342.923341
98.676834,37,342.989555
145.631051,142,343.236697
101.213295,38,343.312636
86.729382,41,343.385834
114.211804,37,343.451754
132.324254,64,343.569662
117.905017,50,343.66082
94.253817,42,343.739042
106.375974,12,343.758719
91.222275,46,343.841977
110.476714,73,343.979189
126.889833,21,344.006552
63.826873,56,344.122369
116.00127,34,344.173957
134.282515,117,344.398453
135.518259,39,344.473377
63.018184,20,344.506888
112.727516,30,344.553103
107.713093,36,344.632285
125.960172,30,344.687199
101.05184,37,344.754476
100.582443,41,344.82305
105.455867,43,344.904585
76.767079,56,345.00431
104.481093,23,345.03846
115.74012,27,345.086527
111.441697,21,345.138511
107.290535,68,345.262556
120.214525,13,345.286395
86.262306,63,345.403033
90.804468,43,345.482073
116.155161,31,345.536441
-275.905035,175,345.852896
112.786739,26,345.899303
112.73483,35,345.962436
117.37259,48,346.036449
75.112117,99,346.219802
121.709853,23,346.27463
103.818058,80,346.405964
120.863094,27,346.465467
102.04276,61,346.574144
113.378118,36,346.63839
106.256935,9,346.655431
115.964349,11,346.671382
105.786288,40,346.74104
97.979407,59,346.855693
129.298469,32,346.911842
117.85611,25,346.957538
129.861947,51,347.05078
118.342315,14,347.071801
198.846883,94,347.237675
120.154193,24,347.28631
86.702023,41,347.362365
115.694426,41,347.436411
113.765232,23,347.469719
130.704438,57,347.572826
54.243437,113,347.786525
113.726553,13,347.812449
86.577604,40,347.90306
90.373859,52,348.003067
128.394491,41,348.077558
134.645074,93,348.241035
112.483135,40,348.321081
100.513234,45,348.400851
116.960561,18,348.426286
100.500585,38,348.503017
120.326439,36,348.569872
83.600066,79,348.704363
122.889633,34,348.769928
157.857784,53,348.869141
140.145933,27,348.913225
225.557271,166,349.207141
97.313306,12,349.240369
138.727817,48,349.318384
121.487413,14,349.34146
108.40777,45,349.429857
119.857971,19,349.464851
99.148674,27,349.503045
115.303164,11,349.533942
110.411114,24,349.575097
119.559658,15,349.608432
119.814132,17,349.63987
80.58173,40,349.702982
123.514413,26,349.762305
136.526333,25,349.810628
113.242249,37,349.87544
112.880074,46,349.95298
289.767468,139,350.214089
148.712037,78,350.353729
124.574452,34,350.403167
124.469674,52,350.502923
203.638304,134,350.735047
125.36303,21,350.775585
84.913872,15,350.808593
118.265397,38,350.873552
101.087183,50,350.973931
125.342594,33,351.032071
145.503877,48,351.119055
123.220581,39,351.189728
243.705443,200,351.538637
90.482647,48,351.635023
209.013082,79,351.779895
99.404452,44,351.859374
24.254018,105,352.050328
-68.671813,200,352.409176
-5.480362,79,352.539579
129.049314,124,352.773862
140.525178,75,352.908433
161.463345,58,353.007295
110.775587,11,353.019521
119.06641,35,353.114307
69.703739,200,353.452653
251.60789,200,353.822896
119.57216,41,353.903026
121.062639,17,353.935951
116.769007,37,354.005125
100.544149,23,354.042786
126.390599,21,354.087848
119.165456,25,354.119868
96.885983,12,354.155312
107.06538,80,354.296984
117.103166,29,354.352167
98.620474,39,354.423858
102.727371,55,354.519456
99.949622,18,354.556916
329.3335,153,354.836036
113.570371,32,354.886367
87.160053,42,354.974411
111.769297,27,355.028047
218.142986,104,355.218902
117.331466,16,355.238479
109.826436,20,355.28616
141.408433,43,355.367226
197.97025,124,355.595909
182.621311,79,355.736202
94.870267,29,355.786908
112.280712,16,355.803988
258.538062,187,356.154825
228.750249,138,356.404222
113.959846,40,356.474919
212.519591,200,356.836074
116.090094,12,356.857062
121.390496,19,356.89184
114.000754,27,356.936038
127.722719,29,356.994941
131.369383,41,357.068848
127.192315,81,357.203496
117.987112,29,357.255808
108.740458,46,357.336331
126.523072,32,357.403371
102.864949,32,357.458029
114.64901,29,357.518717
129.941554,87,357.67483
96.82355,37,357.740491
108.678749,19,357.770483
103.801717,67,357.89535
276.60234,200,358.252626
93.977755,13,358.269381
111.532066,43,358.352513
99.922819,33,358.403727
265.072476,150,358.682842
236.14348,122,358.893762
118.580421,14,358.919782
93.962173,45,358.991096
203.279758,200,359.359207
118.380692,30,359.412492
83.428514,61,359.519145
77.315397,42,359.585909
189.337242,98,359.76703
120.286094,33,359.827752
111.578416,25,359.867487
131.489446,31,359.914361
128.017355,28,359.973763
216.494662,150,360.226079
74.864864,72,360.369241
105.800809,200,360.725659
120.435759,18,360.760392
125.593493,200,361.119069
216.624001,200,361.467975
128.451789,18,361.504291
91.994297,60,361.610354
182.731643,200,361.969063
103.857437,60,362.067897
130.022996,21,362.116891
187.315784,58,362.219032
85.497798,54,362.31854
134.94486,62,362.419018
76.466892,70,362.555934
112.393831,29,362.623662
115.327237,9,362.635834
113.495659,68,362.770154
117.66968,59,362.878658
121.636238,27,362.927548
37.625824,91,363.089315
122.872311,18,363.123523
129.12227,34,363.186018
115.913173,28,363.236234
220.960774,200,363.585788
122.964866,16,363.618075
115.831299,28,363.66965
110.57406,39,363.741334
126.016304,18,363.775509
327.082111,177,364.097703
64.513563,79,364.235795
105.840666,54,364.341297
112.765415,6,364.352323
172.534842,200,364.707291
114.186696,76,364.836649
84.474835,41,364.916363
134.541307,37,364.983916
125.652198,58,365.085614
126.832304,29,365.141114
39.777189,200,365.485798
120.996945,47,365.588089
121.710808,30,365.642134
180.127364,97,365.812712
249.06812,200,366.169191
220.331948,200,366.517885
145.975784,62,366.61772
235.488182,200,366.988009
117.336814,50,367.069337
114.432264,40,367.149185
123.648316,18,367.174466
81.396074,86,367.334921
235.830942,179,367.655186
78.735225,200,368.005357
122.054594,59,368.111468
109.814138,65,368.217827
115.115946,67,368.346018
125.53451,22,368.369885
76.344558,48,368.468996
115.749394,39,368.538918
167.885412,200,368.884481
198.458135,146,369.156777
109.845214,67,369.274823
138.121689,200,369.617203
122.209831,16,369.659637
100.983096,53,369.756777
167.693942,47,369.842167
79.448019,57,369.944999
118.405249,21,369.988223
107.892459,70,370.100021
172.935645,200,370.470271
108.527888,8,370.485672
123.430495,19,370.522354
287.870157,200,370.878275
115.114518,7,370.891102
238.97204,200,371.250418
248.72028,200,371.606344
136.859193,30,371.661899
49.817728,115,371.871214
126.535252,51,371.966558
116.450634,74,372.100389
90.574282,94,372.25179
103.620841,32,372.323248
126.53696,49,372.401806
249.307543,115,372.622344
118.413275,40,372.708747
123.029589,14,372.736364
157.283988,56,372.869389
219.255077,109,373.098439
122.872879,37,373.173413
195.019595,82,373.337294
130.943842,90,373.523253
130.568366,27,373.577382
81.670583,62,373.700916
130.602133,64,373.816754
112.905112,38,373.888459
138.616569,42,373.978299
95.230121,16,374.002148
130.158575,54,374.118256
117.774546,31,374.178326
100.0,1,374.181326
124.86752,41,374.274357
107.856987,62,374.411621
90.596309,53,374.523105
162.644822,89,374.714598
127.768717,56,374.845029
102.465202,2,374.849029
117.243475,14,374.88067
66.275934,83,375.048978
106.645108,49,375.143781
315.178953,180,375.465569
103.906415,14,375.488767
127.399285,33,375.551588
118.088551,31,375.607583
112.454092,67,375.729101
110.232733,26,375.774186
108.794461,48,375.865487
109.832311,40,375.935547
121.095479,33,376.002496
45.123393,94,376.170229
102.788852,38,376.238923
121.07731,69,376.352148
97.580607,50,376.456414
109.915752,22,376.489817
71.363416,58,376.585615
116.313097,38,376.670022
120.6905,46,376.752302
116.363241,19,376.790919
98.355293,34,376.853917
133.883483,65,376.972622
82.285032,69,377.096862
64.913825,44,377.173127
84.574258,72,377.303913
135.905704,68,377.413077
67.727077,131,377.661376
114.056634,23,377.702789
125.725045,54,377.787648
113.295467,13,377.822617
117.059853,19,377.856358
102.491955,11,377.871824
81.948501,81,378.019549
37.56011,89,378.182626
92.846121,14,378.202091
101.336706,20,378.235403
82.189929,97,378.4194
27.377514,96,378.593878
100.321987,42,378.668587
137.083917,33,378.723443
118.680849,46,378.80199
329.02051,184,379.135292
80.529894,46,379.219494
143.212027,82,379.373809
258.548057,174,379.687644
156.262425,109,379.905162
73.666313,22,379.938746
111.600586,46,380.018577
-169.81916,200,380.389724
112.222986,25,380.436614
127.034619,39,380.504432
232.898533,159,380.785404
239.215594,148,381.051998
96.056189,54,381.159139
69.92037,67,381.266362
109.608547,21,381.317238
111.46615,79,381.461381
127.478798,29,381.507823
97.508049,22,381.551373
112.338893,38,381.621053
59.486209,57,381.723034
114.003062,30,381.766305
202.011872,90,381.936899
90.917054,32,381.985269
117.006061,41,382.068789
75.911631,70,382.184802
107.204261,46,382.280887
122.774995,59,382.38906
174.844477,200,382.741579
106.132252,68,382.862221
221.221909,110,383.051875
117.177298,31,383.102037
111.182009,17,383.140791
131.221024,24,383.185169
119.123935,27,383.243631
124.157456,57,383.339479
272.976199,155,383.625849
119.565186,24,383.663566
121.181138,37,383.735147
100.283737,22,383.774901
125.206507,35,383.835055
125.525602,24,383.866306
230.904641,134,384.102332
87.028204,41,384.184948
119.172378,69,384.312849
124.107141,52,384.401658
105.324791,29,384.459502
116.754379,71,384.589463
134.616246,40,384.66114
121.394109,25,384.70189
123.30239,16,384.737393
97.857856,19,384.773902
122.870656,27,384.821867
105.812461,38,384.89146
109.266087,32,384.935154
116.962901,22,384.985849
329.368802,199,385.335139
100.0,1,385.335139
120.711427,21,385.37262
233.690387,122,385.601281
143.345916,200,385.954557
125.917793,48,386.039669
190.673912,200,386.388606
104.523788,72,386.50873
160.332576,47,386.605216
115.064859,29,386.655427
172.236581,200,387.005533
99.115076,12,387.02262
71.947102,61,387.136447
218.616575,200,387.485022
124.567987,31,387.554864
132.370065,49,387.639876
133.572927,60,387.735008
267.790338,200,388.084808
246.978204,200,388.4515
92.345359,42,388.528516
133.865337,35,388.586176
133.172061,32,388.640742
222.558403,200,389.021945
66.586137,28,389.070786
119.421311,57,389.173774
123.543103,58,389.27665
122.918526,200,389.61834
90.707498,80,389.768336
97.524093,34,389.83371
95.998026,14,389.851507
77.942328,131,390.090069
120.744727,21,390.128316
121.54898,68,390.254062
137.280077,47,390.335005
169.549503,200,390.692284
101.011798,33,390.75142
123.982008,24,390.796133
120.197668,55,390.888041
206.862668,121,391.108518
120.211873,29,391.151635
244.999079,200,391.514139
297.714655,174,391.81813
244.007795,200,392.177621
143.087986,39,392.240212
259.348497,126,392.471999
127.833491,51,392.564414
212.814865,200,392.918539
124.703852,32,392.976006
114.538973,42,393.034838
136.667976,36,393.10151
110.977931,43,393.193186
103.731549,20,393.21805
267.221911,200,393.58831
147.593739,33,393.651679
138.823322,46,393.718278
185.512548,79,393.875648
131.834658,34,393.93531
249.748087,200,394.29859
118.485087,20,394.336267
121.580437,40,394.401573
114.960012,44,394.488612
123.583435,27,394.534854
258.067673,200,394.884808
78.359238,92,395.058228
99.959392,19,395.092674
134.609484,35,395.154834
121.692181,14,395.168082
100.167424,54,395.272224
150.547907,85,395.429135
127.811766,52,395.523076
302.739626,189,395.856906
126.007851,43,395.940511
124.516668,18,395.973529
111.667089,49,396.061328
279.317736,200,396.404369
185.445537,113,396.614329
137.680159,45,396.687882
102.078573,3,396.701817
103.458513,45,396.785226
115.155074,55,396.885535
131.337102,27,396.935065
119.688866,17,396.955588
137.689624,40,397.034757
115.840807,12,397.062721
128.077837,32,397.119436
134.990752,38,397.182705
137.380786,25,397.230381
149.915424,36,397.296558
184.83666,82,397.434523
-10.821091,130,397.666809
264.745523,200,398.018218
116.16744,41,398.104162
270.284445,191,398.444886
78.346858,52,398.534734
114.709245,40,398.63132
239.22833,200,398.981599
262.292337,200,399.334677
117.982111,20,399.372468
127.376586,19,399.405747
127.000043,38,399.468779
159.70441,90,399.634013
117.020874,31,399.689115
208.114675,200,400.04495
132.557511,31,400.101526
271.857149,143,400.349025
124.205138,200,400.71381
121.260537,15,400.738945
193.095827,200,401.094083
106.154941,33,401.154885
123.838615,47,401.234359
253.731641,149,401.501084
130.534704,29,401.556131
118.714979,25,401.600132
106.296622,32,401.651491
112.210159,41,401.73396
117.487288,49,401.82336
209.636768,200,402.172358
301.861764,174,402.483492
98.90227,36,402.548345
170.55808,107,402.73374
130.927335,39,402.803678
108.173367,23,402.83985
113.811755,37,402.911669
129.742265,43,402.986298
127.991069,50,403.067693
119.095992,28,403.12544
129.378031,26,403.171496
121.654825,19,403.206556
114.356799,18,403.234485
123.358821,22,403.277188
193.64179,82,403.424181
210.075939,105,403.601168
130.841152,31,403.664892
137.723854,200,404.017727
109.343686,48,404.108609
213.04364,200,404.454558
125.392986,60,404.572298
134.662843,27,404.61712
131.646589,40,404.690953
111.381854,50,404.771217
119.917894,200,405.134264
102.973538,49,405.222294
160.00896,200,405.565491
121.720832,40,405.63429
125.132065,31,405.701524
120.299611,24,405.739777
116.275841,31,405.800833
118.671611,30,405.851072
119.053179,11,405.867747
218.46034,200,406.238487
100.840781,30,406.284669
128.268601,32,406.350424
119.274266,44,406.417785
265.294184,199,406.781009
125.319281,67,406.900538
188.177508,108,407.089866
122.611704,12,407.10451
121.273974,46,407.193736
116.650927,49,407.26756
113.187697,42,407.356374
116.877591,19,407.384226
128.309008,20,407.425612
-104.422373,200,407.777511
114.255026,46,407.849806
215.1786,200,408.209619
113.438073,38,408.267516
102.509195,32,408.336325
114.497448,14,408.350904
119.472242,14,408.386961
171.251461,49,408.467896
99.03468,38,408.542802
127.997127,61,408.654601
148.834647,200,409.00084
103.419929,51,409.102145
118.81694,98,409.276809
217.289169,118,409.484653
255.57302,200,409.855282
158.917115,98,410.034681
89.550852,58,410.140634
160.567088,66,410.25717
124.566615,22,410.300291
115.172631,44,410.367636
100.590047,51,410.46044
117.096644,57,410.570953
128.55394,44,410.634312
241.507493,107,410.840192
102.764244,60,410.93424
245.187063,200,411.300934
107.305949,135,411.544668
125.33607,22,411.58303
120.438455,35,411.634208
114.374739,9,411.664019
165.937065,137,411.89761
289.924095,159,412.187084
128.26699,30,412.239128
318.126779,165,412.534524
236.623129,132,412.771713
115.326704,12,412.79408
243.752572,200,413.150465
78.88061,130,413.384022
95.756463,29,413.43552
98.130546,46,413.517712
163.289334,109,413.70088
4497,64,400.79567
68.447954,64,400.911301
216.353666,163,401.198265
166.687216,72,401.310148
123.511831,29,401.374033
114.119558,12,401.394732
104.634734,46,401.493702
214.987189,113,401.703373
131.79422,25,401.748291
121.144132,12,401.765715
121.828821,16,401.797409
225.407422,200,402.156026
200.838936,166,402.45023
117.355924,20,402.490959
108.890038,25,402.527605
99.1669,43,402.611552
98.642581,20,402.64485
225.534652,160,402.930421
119.107805,88,403.088523
113.169628,15,403.11189
159.03438,114,403.311539
129.053593,31,403.377631
-87.418944,200,403.717793
130.894582,22,403.764669
120.621325,27,403.814943
247.985524,200,404.170965
204.716216,200,404.533102
284.241324,154,404.796542
135.849752,63,404.911632
201.81162,200,405.261332
121.443365,20,405.2988
123.945483,26,405.358516
160.816422,51,405.451463
760786,28,399.867868
123.025528,39,399.941251
98.843464,51,400.032985
116.401969,12,400.051798
103.721676,36,400.120858
131.395593,31,400.176531
187.218076,73,400.305197
112.893392,2265.656013,183111.022345,36288.425752,155,411.034313
111.505378,34,411.098846
122.10859,6214.779594,200,400.897772
353.520273,182,401.218367
112.009587,59,401.328878
64.734964,52,401.418066
117.368914,8,401.438456
11.733933
109.930915,6,411.74948
120.618717,24,411.799602
,414.629376
152.466137,58,414.729258
213.17753,200,415.09621
133.281963,47,415.174305
146.681787,46,415.257028
105.77047,18,415.289312
121.480993,31,415.340869
173.612481,123,415.55731
61.965022,35,415.629506
96.434502,43,415.690569
100.796332,17,415.728037
110.319957,13,415.758812
119.526705,16,415.787753
112.76239.765309,98,409.6110.798114.454133,61,409.7110.916119.668907,32,409.7123.662506,37,416.057706
2577,52,399.657291
213.714512,200,400.00314
112.01642,21,400.054604
101.274555,32,400.103331
103.052162,77,400.236498
119.975285,41,400.320662
239.591276,105,400.503128
296.989393,198,400.859129
124.941357,31,400.918747
179.668388,76,401.053827
110.779452,9,401.069231
191.861685,64,401.169591
119.55042,43,401.262139
116.776091,24,401.307324
115.949682,32,401.364402
158.251306,84,401.499796
112.085216,84,401.656245
198.851288,200,402.007779
223.304704,200,402.372899
99.84284,26,402.421654
316.535851,169,402.719367
129.531444,31,402.776193
127.595743,22,402.803208
119.298814,21,402.854892
239.868892,144,403.109845
105.338152,16,403.124918
95.799474,66,403.252997
26,402.44684
177.300875,72,402.577187
268.614805,200,402.929168
247.748981,200,403.284893
129.872228,66,403.388776
130.634135,46,403.473361
104.240574,49,403.593113
217.010119,200,403.950737
91.17298,74,404.073529
108.762288,7,404.097528
259.930929,119,404.306945
125.269382,42,404.384001
128.196887,60,404.49169
105.651091,66,404.606234
119.812271,33,404.670157
184.350448,200,405.023101
113.570877,41,405.090173
143.27669,43,405.174909
128.598043,26,405.211781
131.92144,32,405.274307
126.089676,28,405.327906
116.302374,12,405.348619
123.162599,30,405.390167
112.227315,8,405.41151
172.291356,106,405.609525
236.862738,200,405.957022
175.763651,77,406.089946
119.352518,18,406.127247
114.655425,15,406.15528
115.045683,66,406.272739
113.707715,45,406.357612
123.113545,39,406.42789
198.086323,200,406.786772
216.755101,135,407.026474
84.102852,166,407.311971
101.907218,69,407.440049
123.801876,22,407.473523
124.286501,39,407.553151
96.519559,17,407.574791
114.419703,33,407.645458
124.978283,21,407.683211
